201	All Basecamp policies are now on GitHub and licensed under creative commons (via m.signalvnoise.com)
202	The Enormous Life of Anthony Bourdain, According to Those Who Knew Him Best (via gq.com)
203	Merlin Mann (via thegreatdiscontent.com)
204	Merlin Mann (via thegreatdiscontent.com)
205	Merlin Mann (via thegreatdiscontent.com)
206	How We Describe an Organization (via nobl.io)
207	Writing Is Thinking (via boz.com)
208	Finding Comfort in Small Spaces (via longreads.com)
209	A willingness to be bad (via austinkleon.com)
210	How to Do. One. Thing. At. A. Time (via jotform.com)
211	How to Do. One. Thing. At. A. Time (via jotform.com)
212	What Boxing Taught Me About Love (via nytimes.com)
213	In Praise of Being Washed (via gq.com)
214	The Week Culture Died (via thehandandeye.com)
215	14 Things I Believe: Updated for 2018 - Bob Sutton - Medium (via medium.com)
216	Slack, I'm Breaking Up with You - UX of User Onboarding (via ux.useronboard.com)
217	Slack, I'm Breaking Up with You - UX of User Onboarding (via ux.useronboard.com)
218	The Tortured Mind Of Dan Harmon (via gq.com)
219	The Tortured Mind Of Dan Harmon (via gq.com)
220	A Career Cold Start Algorithm (via boz.com)
221	Tough Job: Norway's Ski Wax Chief Is Only Noticed When He Fails (via nytimes.com)
222	Seth's Blog: Never smooth enough a modern addiction (via sethgodin.typepad.com)
223	Even When He Loses, Logan Paul Wins (via buzzfeed.com)
224	Even When He Loses, Logan Paul Wins (via buzzfeed.com)
225	Donald Trump Didn't Want to Win - and Neither Did His Campaign (via nymag.com)
226	Donald Trump Didn't Want to Win - and Neither Did His Campaign (via nymag.com)
227	Donald Trump Didn't Want to Win - and Neither Did His Campaign (via nymag.com)
228	Donald Trump Didn't Want to Win - and Neither Did His Campaign (via nymag.com)
229	Donald Trump Didn't Want to Win - and Neither Did His Campaign (via nymag.com)
230	Let's bury the hustle - Signal v. Noise (via m.signalvnoise.com)
231	Our Love Affair With Digital Is Over (via nytimes.com)
232	No Room for America Left in Those Jeans (via nytimes.com)
233	Inside Today Clothing, Michigan's Menswear Oasis (via grailed.com)
234	Inside Today Clothing, Michigan's Menswear Oasis (via grailed.com)
235	In the Wake of the Weinstein and John Besh Scandals, Anthony Bourdain Has Regrets (via slate.com)
236	The President of Blank Sucking Nullity - David Roth (via thebaffler.com)
237	Ask Polly: Was I Wrong to Dump My Boyfriend? (via thecut.com)
238	The Internet Is Broken: @ev Is Trying to Salvage It (via nytimes.com)
239	What's Wrong with Twitter's Live-Video Strategy (via newyorker.com)
240	Mike Judge, the Bard of Suck (via nytimes.com)
241	Being Lazy Is the Key to Success, According to the Best-Selling Author of Moneyball (via inc.com)
242	Confessions of a Watch Geek (via newyorker.com)
243	Fiction Confidential (via eater.com)
244	Making House: Notes on Domesticity (via nytimes.com)
245	The Mania of Michigan Football (via newyorker.com)
246	How a single conversation with my boss changed my view on delegation and failure (via shift.newco.co)
247	Frank Ocean, Harper Lee, and the Reclusive Artist (via theatlantic.com)
248	The way out of burnout (via 1843magazine.com)
249	Minds turned to ash (via 1843magazine.com)
250	Minds turned to ash (via 1843magazine.com)
251	Minds turned to ash (via 1843magazine.com)
252	Marie Kondo and the Ruthless War on Stuff (via nytimes.com)
253	PRETTY MUCH EVERYTHING (via acontinuouslean.com)
254	Why Cameron Frye Wore a Gordie Howe Jersey in Ferris Bueller's Day Off (via features.wearemel.com)
255	The Secret History of Tiger Woods (via espn.go.com)
256	The Secret History of Tiger Woods (via espn.go.com)
257	The Productivity Obsession (via theatlantic.com)
258	Alec Baldwin Is Moving To L.A., So Leave Him Alone (via laist.com)
259	Thrashed (via story.californiasunday.com)
260	How to Get 1 Million Twitter Followers By Any Means Necessary (via gq.com)
261	You're hired, but first, some rules. (via medium.com)
262	Geoff Teehan, Product Design Director at Facebook (via wayswework.io)
263	Sonos CEO John MacFarlane on Voice Recognition, Layoffs and Streaming (via billboard.com)
264	The Triumph of Email (via theatlantic.com)
265	Los Angeles: City of Breakfast (via nytimes.com)
266	What It's Really Like to Be a Popular Weird Twitter Personality (via vice.com)
267	Baths: The Key to Surviving February (via nymag.com)
268	Lesley Arfin Talks Love, On-Screen and Off (via vogue.com)
269	Ask Polly: Am I Too Controlling? (via nymag.com)
270	Customer Letter (via apple.com)
271	Getting Married in One Week Was the Most Romantic Thing I Ever Did (via nymag.com)
272	The Rise and Fall of Abbot Kinney, or, How Venice Is Dying (via thrillist.com)
273	Everyone Hates Martin Shkreli. Everyone Is Missing the Point (via newyorker.com)
274	The Fine Brothers Controversy Explained (via medium.com)
275	The Fine Brothers Controversy Explained (via medium.com)
276	Ask Polly: How Do I Express My Feelings Like a Human? (via nymag.com)
277	Ask Polly: How Do I Express My Feelings Like a Human? (via nymag.com)
278	The Second Amendment: Original Intent (via newyorker.com)
279	What the Mast Brothers Scandal Tells Us About Ourselves (via eater.com)
280	What the Mast Brothers Scandal Tells Us About Ourselves (via eater.com)
281	Got First-World Problems? Don't Feel Guilty. (via opinionator.blogs.nytimes.com)
282	Tiger Woods on His Pain and Comeback (via time.com)
283	Conversion via Twitter (via newyorker.com)
284	Ask Polly: Should I Get a Boob Job? (via nymag.com)
285	The Great Music Streaming Decision of 2015 (via medium.com)
286	My Child Has a Pacifier. I Have an iPhone. (via nymag.com)
287	A Blueprint from the Woman Who Helped AdRoll Double its Sales Force and Sales (via firstround.com)
288	Dialing Down (via cgpgrey.com)
289	RECONSIDER (via medium.com)
290	Rick Rubin Loves To Listen (via sonos.com)
291	American Horror Story: The Cecil Hotel (via medium.com)
292	Seven Things I Did To Reboot My Life (via wilwheaton.net)
293	Ghostly Transcends Its Record Label Roots to Sell an Ethos (via nytimes.com)
294	Ask Polly: Why Do You Always Tell People to Go to Therapy? (via nymag.com)
295	Lady Gaga and the Life of Passion (via nytimes.com)
296	Getting Mad At Greg Hardy Is The Easy Part (via deadspin.com)
297	Relax for the same result (via sivers.org)
298	Stop Brooklyning Perfectly Good Stuff (via observer.com)
299	What Happens Next Will Amaze You (via idlewords.com)
300	Men's Journal - Anthony Bourdain's World Domination (via mensjournal.com)
